"ID","Album","Release Date","Track Number","Track Name","Duration (ms)","Spotify URL"
"MCZ00359","「ニュームーンに恋して」/「永遠だけが二人を架ける」","2016-06-22","1","ニュームーンに恋して","265347","https://open.spotify.com/track/5FjGE3mBCVFtZdlmTkrjkE"
"MCZ00360","「ニュームーンに恋して」/「永遠だけが二人を架ける」","2016-06-22","2","永遠だけが二人を架ける","265708","https://open.spotify.com/track/7zddELs9pbu6RVmZA3KSbf"
"MCZ00361","「ニュームーンに恋して」/「永遠だけが二人を架ける」","2016-06-22","3","ニュームーンに恋して(off vocal ver.)","265347","https://open.spotify.com/track/2sCyGSvr9Trtr3cYV1Frex"
"MCZ00362","「ニュームーンに恋して」/「永遠だけが二人を架ける」","2016-06-22","4","永遠だけが二人を架ける(off vocal ver.)","265732","https://open.spotify.com/track/2mhxyzjE4NAYjBxf0ErcEx"
"MCZ00371","『Z』の誓い【『F』盤】","2015-04-29","1","『Z』の誓い","290280","https://open.spotify.com/track/5ToTyYpJzN1bh3DA6SOx6x"
"MCZ00372","『Z』の誓い【『F』盤】","2015-04-29","2","ロマンティックこんがらがってる","245720","https://open.spotify.com/track/45YBk9ZUaLsBFpHYUByo3Q"
"MCZ00373","『Z』の誓い【『F』盤】","2015-04-29","3","『Z』の誓い (off vocal ver.)","289626","https://open.spotify.com/track/1laEsYl9gWa7UT7wQu2wUv"
"MCZ00374","『Z』の誓い【『F』盤】","2015-04-29","4","ロマンティックこんがらがってる (off vocal ver.)","244546","https://open.spotify.com/track/1sj7zXid5k6e7mEuaRbEl7"
"MCZ00365","『Z』の誓い【『Z』盤】","2015-04-29","1","『Z』の誓い","290280","https://open.spotify.com/track/0PEo8PVfGSY3QFJXg4bLxs"
"MCZ00366","『Z』の誓い【『Z』盤】","2015-04-29","2","ロマンティックこんがらがってる","245213","https://open.spotify.com/track/62VR3MqMpLQRTbogQAT2eG"
"MCZ00367","『Z』の誓い【『Z』盤】","2015-04-29","3","CHA-LA HEAD-CHA-LA","197786","https://open.spotify.com/track/27voeec7TmV46NK6c39Pxv"
"MCZ00368","『Z』の誓い【『Z』盤】","2015-04-29","4","『Z』の誓い(off vocal ver.)","289626","https://open.spotify.com/track/3HJeEIhFvTBmMGZbPFUsgz"
"MCZ00369","『Z』の誓い【『Z』盤】","2015-04-29","5","ロマンティックこんがらがってる(off vocal ver.)","245226","https://open.spotify.com/track/7DcswKshOuUAYr3fACL7nf"
"MCZ00370","『Z』の誓い【『Z』盤】","2015-04-29","6","CHA-LA HEAD-CHA-LA(off vocal ver.)","196106","https://open.spotify.com/track/0EBSHhcTnzwTFPc2ppu0xI"
"MCZ00266","5TH DIMENSION","2013-04-10","1","Neo STARGATE","498600","https://open.spotify.com/track/6345iHcbfH9Ysy4gjwwt3S"
"MCZ00267","5TH DIMENSION","2013-04-10","2","仮想ディストピア","249493","https://open.spotify.com/track/7gBx1nIPpw92xqSlZwbrcR"
"MCZ00268","5TH DIMENSION","2013-04-10","3","猛烈宇宙交響曲・第七楽章「無限の愛」","311533","https://open.spotify.com/track/2FJ0xupN6exwhS44c6Og2i"
"MCZ00269","5TH DIMENSION","2013-04-10","4","5 The POWER","258066","https://open.spotify.com/track/1LPDa2THEduvVIGaFQ4LpO"
"MCZ00270","5TH DIMENSION","2013-04-10","5","労働讃歌","277533","https://open.spotify.com/track/55ccSNAH4upuf2mBQ1fkFk"
"MCZ00271","5TH DIMENSION","2013-04-10","6","ゲッダーン!","213293","https://open.spotify.com/track/71bvXa5ZWPM2aOT7oZwLAF"
"MCZ00272","5TH DIMENSION","2013-04-10","7","Z女戦争","415040","https://open.spotify.com/track/2Br4ZxyxwcuAdMs83udfA4"
"MCZ00273","5TH DIMENSION","2013-04-10","8","月と銀紙飛行船","312773","https://open.spotify.com/track/6Bs1UuvdK64hHoDtFeNNBQ"
"MCZ00274","5TH DIMENSION","2013-04-10","9","BIRTH O BIRTH","300466","https://open.spotify.com/track/18jtcOnpa2al9FKvpTpLKS"
"MCZ00275","5TH DIMENSION","2013-04-10","10","上球物語 -Carpe diem-","241666","https://open.spotify.com/track/6szDzSzCpCodjJ55rpnQWg"
"MCZ00276","5TH DIMENSION","2013-04-10","11","宙飛ぶ!お座敷列車","265813","https://open.spotify.com/track/1YrTWmyz95YSb6zDfmU27L"
"MCZ00277","5TH DIMENSION","2013-04-10","12","サラバ、愛しき悲しみたちよ","298786","https://open.spotify.com/track/3dtaA8y7Ns4hXk5bZodAEi"
"MCZ00278","5TH DIMENSION","2013-04-10","13","灰とダイヤモンド","411693","https://open.spotify.com/track/1ekuOZ7ejuGNMvjq00tVxR"
"MCZ00298","Acceleration","2025-04-30","1","Acceleration","241305","https://open.spotify.com/track/1k9rEAliTVbrF0hg5NX64G"
"MCZ00244","AMARANTHUS","2016-02-17","1","embryo -prologue-","90920","https://open.spotify.com/track/5eWdN3gafyNTBFzPuTB9mP"
"MCZ00245","AMARANTHUS","2016-02-17","2","WE ARE BORN","260546","https://open.spotify.com/track/6QLkYjqgfnCxAhFL0wWMMl"
"MCZ00246","AMARANTHUS","2016-02-17","3","モノクロデッサン","353973","https://open.spotify.com/track/4ibvV3mXDFb1evyzDaV3O1"
"MCZ00247","AMARANTHUS","2016-02-17","4","ゴリラパンチ","276893","https://open.spotify.com/track/3DSJtO7f7eewNfIXYTp1zb"
"MCZ00248","AMARANTHUS","2016-02-17","5","武陵桃源なかよし物語","269866","https://open.spotify.com/track/3tZho5K24ETTOPIjliQFbe"
"MCZ00249","AMARANTHUS","2016-02-17","6","勝手に君に","285106","https://open.spotify.com/track/1rUMkc5zJk8s7TExL54yVY"
"MCZ00250","AMARANTHUS","2016-02-17","7","青春賦","317880","https://open.spotify.com/track/06YbZ9CIgbkVPeaoqZvYSn"
"MCZ00251","AMARANTHUS","2016-02-17","8","サボテンとリボン","284533","https://open.spotify.com/track/0ywyxochxQk4h9ua042Yh1"
"MCZ00252","AMARANTHUS","2016-02-17","9","デモンストレーション","284640","https://open.spotify.com/track/4jn1i48xBE1z2MGSp8TrtU"
"MCZ00253","AMARANTHUS","2016-02-17","10","仏桑花","278306","https://open.spotify.com/track/74kAKRjA5Ar563wtTGqiKn"
"MCZ00254","AMARANTHUS","2016-02-17","11","泣いてもいいんだよ","306933","https://open.spotify.com/track/0X7VDx22UQ7HiHDCmW9p2j"
"MCZ00255","AMARANTHUS","2016-02-17","12","Guns N' Diamond","245093","https://open.spotify.com/track/2qzjGmGF1gzm1wNj8l653j"
"MCZ00256","AMARANTHUS","2016-02-17","13","バイバイでさようなら","283773","https://open.spotify.com/track/0n6zZVEs9c7926MLquhtYA"
"MCZ00257","AMARANTHUS","2016-02-17","14","HAPPY Re:BIRTHDAY","255240","https://open.spotify.com/track/7KRUIVxrP4pvhSJeVltUAN"
"MCZ00202","BLAST！","2017-08-02","1","Yum-Yum！","254359","https://open.spotify.com/track/4bdxRnWnpH49OPnXF8AQ0c"
"MCZ00203","BLAST！","2017-08-02","2","Survival of the Fittest -interlude-","48639","https://open.spotify.com/track/4z31M1hLyh16LCjLyANFJe"
"MCZ00204","BLAST！","2017-08-02","3","BLAST！","333679","https://open.spotify.com/track/6IVVMdFmlTmZaE2GEPXwrq"
"MCZ00205","BLAST！","2017-08-02","4","何時だって挑戦者","275626","https://open.spotify.com/track/22i3QlHzchBpebfvgYHlhU"
"MCZ00206","BLAST！","2017-08-02","5","境界のペンデュラム","275346","https://open.spotify.com/track/66oLRJj7f09RZVDZxSwoqb"
"MCZ00207","BLAST！","2017-08-02","6","Yum-Yum！(off vocal ver.)","254373","https://open.spotify.com/track/1Oqz5uKCkONBna1Drrlq7b"
"MCZ00208","BLAST！","2017-08-02","7","BLAST！(off vocal ver.)","333666","https://open.spotify.com/track/2htTowkTazZaiI9T2SFH2s"
"MCZ00209","BLAST！","2017-08-02","8","何時だって挑戦者(off vocal ver.)","275639","https://open.spotify.com/track/0dSBVJpdvmTDnWugsoRMnY"
"MCZ00210","BLAST！","2017-08-02","9","境界のペンデュラム(off vocal ver.)","275346","https://open.spotify.com/track/0Mut3i5FBbmG0sdvS0mtqZ"
"MCZ00307","Brand New Day","2024-02-09","1","Brand New Day","248959","https://open.spotify.com/track/3jYgnasfrPTdfPXXp8Y8gy"
"MCZ00323","BUTTOBI!","2021-12-24","1","BUTTOBI!","243772","https://open.spotify.com/track/5W9zmfHvHsoFugyGcM1C6d"
"MCZ00296","Cosmic Commotion","2025-07-16","1","Cosmic Commotion","217999","https://open.spotify.com/track/2IT4ByX4xO9m7TlSuyNKNv"
"MCZ00297","Cosmic Commotion","2025-07-16","2","Event Horizon","234610","https://open.spotify.com/track/5gxb71tg9dOgT00ZEbE2rw"
"MCZ00305","Cross Dimension","2024-04-26","1","Cross Dimension","264465","https://open.spotify.com/track/1qH3XZojmYqKdjEwThQsVZ"
"MCZ00291","Event Horizon","2025-07-23","1","Event Horizon","234610","https://open.spotify.com/track/6OYgdtzrMe0Sw1c5LG52Lm"
"MCZ00292","Event Horizon","2025-07-23","2","Cosmic Commotion","217999","https://open.spotify.com/track/46Vgy9BEwOAGaxNZoKULxQ"
"MCZ00293","Event Horizon","2025-07-23","3","可視光線","255399","https://open.spotify.com/track/5QcKrshDElM7wUQJuL85Lu"
"MCZ00294","Event Horizon","2025-07-23","4","Event Horizon (GAB edition)","160711","https://open.spotify.com/track/6nhonxa0hDj8udvzxO9xt3"
"MCZ00295","Event Horizon","2025-07-23","5","Cosmic Commotion (Sped Up ver.)","172181","https://open.spotify.com/track/24JVPkxoAerzr2rli5Hrt2"
"MCZ00342","GODSPEED","2018-11-16","1","GODSPEED","263427","https://open.spotify.com/track/1aFe2illdBDvEulZGMqVK0"
"MCZ00407","GOUNN","2013-11-06","1","GOUNN","346413","https://open.spotify.com/track/5vRaEZ4bh08F2UE3EOC0kX"
"MCZ00408","GOUNN","2013-11-06","2","いつか君が","276613","https://open.spotify.com/track/4kg2PIh84Zh51YiWb6Zl64"
"MCZ00409","GOUNN","2013-11-06","3","ももいろ太鼓どどんが節","244826","https://open.spotify.com/track/0jkOhpWSaK18ImAXoztWEL"
"MCZ00410","GOUNN","2013-11-06","4","GOUNN(off vocal ver.)","345746","https://open.spotify.com/track/4t2E6DG8rKrnG0cg9TlWUc"
"MCZ00411","GOUNN","2013-11-06","5","いつか君が(off vocal ver.)","276613","https://open.spotify.com/track/5krjQcjC3lUHgczBVIu6w5"
"MCZ00412","GOUNN","2013-11-06","6","ももいろ太鼓どどんが節(off vocal ver.)","241773","https://open.spotify.com/track/6EDaMGDDSKv1tr7sjlAEMy"
"MCZ00322","HAND","2022-02-11","1","HAND","216225","https://open.spotify.com/track/5SOrhFq4v05qhgXGy1GDFZ"
"MCZ00306","Heroes","2024-04-12","1","Heroes","224785","https://open.spotify.com/track/3qNxALLSqG3guruwjza4eE"
"MCZ00316","L.O.V.E","2022-12-23","1","L.O.V.E","208252","https://open.spotify.com/track/3Cvvirm4JfREN7c6EHNcQJ"
"MCZ00317","Majoram Therapie","2022-11-30","1","Majoram Therapie","263372","https://open.spotify.com/track/5DbAEwEIKoaCIOEo5CqHjv"
"MCZ00314","Majoram Therapie (ももクロ×シンデレラ ver.)","2022-12-30","1","Majoram Therapie - ももクロ×シンデレラ ver.","266118","https://open.spotify.com/track/5Vx6it9vnDFcmWPh9LwViG"
"MCZ00315","Majoram Therapie (ももクロ×シンデレラ ver.)","2022-12-30","2","Majoram Therapie - ももクロ×シンデレラ ver. - GAME VERSION","128518","https://open.spotify.com/track/3Gac2ZEqP8xDqFke8KSiD9"
"MCZ00211","MCZ WINTER SONG COLLECTION","2016-12-23","1","きみゆき","315946","https://open.spotify.com/track/6kcOdFmACGIVPMRY8G2rd6"
"MCZ00212","MCZ WINTER SONG COLLECTION","2016-12-23","2","サンタさん","290320","https://open.spotify.com/track/3ypQ5j6w5hTrIOIzewq6TG"
"MCZ00213","MCZ WINTER SONG COLLECTION","2016-12-23","3","白い風","255426","https://open.spotify.com/track/6yxEFaGx5DllBAXegm6oCs"
"MCZ00214","MCZ WINTER SONG COLLECTION","2016-12-23","4","僕等のセンチュリー","288760","https://open.spotify.com/track/4FKNItjHAshDNoqpUwvw6G"
"MCZ00215","MCZ WINTER SONG COLLECTION","2016-12-23","5","空のカーテン","366240","https://open.spotify.com/track/3qjRd5BBbWQQvg9zwNDkFB"
"MCZ00216","MCZ WINTER SONG COLLECTION","2016-12-23","6","泣いちゃいそう冬","265386","https://open.spotify.com/track/2bCT4S9GUI7YV9h3dB8E2j"
"MCZ00217","MCZ WINTER SONG COLLECTION","2016-12-23","7","JUMP!!!!!","230973","https://open.spotify.com/track/6CHXGaE1kJv2X182Mj4eTK"
"MCZ00218","MCZ WINTER SONG COLLECTION","2016-12-23","8","一粒の笑顔で…","306373","https://open.spotify.com/track/7cwnJPN3x2iQtyFGUbxWnj"
"MCZ00219","MCZ WINTER SONG COLLECTION","2016-12-23","9","今宵、ライブの下で","299506","https://open.spotify.com/track/1u6tzRxOeq9dNV4D1PTR64"
"MCZ00220","MCZ WINTER SONG COLLECTION","2016-12-23","10","真冬のサンサンサマータイム","277680","https://open.spotify.com/track/5EIFYJDwaivS7WQKsNhQZo"
"MCZ00221","MCZ WINTER SONG COLLECTION","2016-12-23","11","SECRET LOVE STORY","349586","https://open.spotify.com/track/74QNkyB9CG0IQnyGMn7wIh"
"MCZ00163","MOMOIRO CLOVER Z","2019-05-17","1","ロードショー","267533","https://open.spotify.com/track/2WKSUjEXIWSvdtLF36G9IF"
"MCZ00164","MOMOIRO CLOVER Z","2019-05-17","2","The Diamond Four","225160","https://open.spotify.com/track/3LaQXcw7Z8fB937bfDNIWL"
"MCZ00165","MOMOIRO CLOVER Z","2019-05-17","3","GODSPEED","261760","https://open.spotify.com/track/2xzXpWyjUtLXAAlT9rif2c"
"MCZ00166","MOMOIRO CLOVER Z","2019-05-17","4","あんた飛ばしすぎ!!","245773","https://open.spotify.com/track/5WmGRjeFIfOMDj8TVpPP8q"
"MCZ00167","MOMOIRO CLOVER Z","2019-05-17","5","魂のたべもの","307586","https://open.spotify.com/track/7dT5VJOJV33Xb6KvCwIw6s"
"MCZ00168","MOMOIRO CLOVER Z","2019-05-17","6","Re:Story","319586","https://open.spotify.com/track/0qJQ8eGMelr53wblwJCqXw"
"MCZ00169","MOMOIRO CLOVER Z","2019-05-17","7","リバイバル","273693","https://open.spotify.com/track/3wEZ1lTEzgOzdCuVuhnZuD"
"MCZ00170","MOMOIRO CLOVER Z","2019-05-17","8","華麗なる復讐","344613","https://open.spotify.com/track/7B47Wv8Kc73pEFiaLSLU91"
"MCZ00171","MOMOIRO CLOVER Z","2019-05-17","9","MORE WE DO!","183053","https://open.spotify.com/track/5zZ7CImBRZugCKVQllSMLc"
"MCZ00172","MOMOIRO CLOVER Z","2019-05-17","10","レディ・メイ","218946","https://open.spotify.com/track/1852qZnZB2RGTX1YfpErQE"
"MCZ00173","MOMOIRO CLOVER Z","2019-05-17","11","Sweet Wanderer","317253","https://open.spotify.com/track/6Gwm2SBRM0GRm8CWgjCDvL"
"MCZ00174","MOMOIRO CLOVER Z","2019-05-17","12","天国のでたらめ","308520","https://open.spotify.com/track/7fqB6WhHglqYlEKvo0f6GK"
"MCZ00175","MOMOIRO CLOVER Z","2019-05-17","13","The Show","234746","https://open.spotify.com/track/7e4JmraEU1XB3BpJ3dfQkZ"
"MCZ00176","MOMOIRO CLOVER Z","2019-05-17","14","ももクロの令和ニッポン万歳!","311040","https://open.spotify.com/track/59H7vjiEbB0wJ9AXCsgO27"
"MCZ00076","MOMOIRO CLOVER Z 6th ALBUM TOUR “祝典""(Live at 日本武道館 2022.5.15)","2022-07-29","1","Opening Ceremony -阿- (Live at 日本武道館 2022.5.15)","121012","https://open.spotify.com/track/6Nwk8BnQK2yIhN1pK49BOj"
"MCZ00077","MOMOIRO CLOVER Z 6th ALBUM TOUR “祝典""(Live at 日本武道館 2022.5.15)","2022-07-29","2","PLAY! (Live at 日本武道館 2022.5.15)","223279","https://open.spotify.com/track/3smwYR028fPd2C2IZEV5TL"
"MCZ00078","MOMOIRO CLOVER Z 6th ALBUM TOUR “祝典""(Live at 日本武道館 2022.5.15)","2022-07-29","3","ダンシングタンク♡ (Live at 日本武道館 2022.5.15)","217839","https://open.spotify.com/track/1BHIGk1ekvDGc8iRTSsdx4"
"MCZ00079","MOMOIRO CLOVER Z 6th ALBUM TOUR “祝典""(Live at 日本武道館 2022.5.15)","2022-07-29","4","MYSTERION (Live at 日本武道館 2022.5.15)","285332","https://open.spotify.com/track/0GDG2jUTXjVRZpMbibf5Fw"
"MCZ00080","MOMOIRO CLOVER Z 6th ALBUM TOUR “祝典""(Live at 日本武道館 2022.5.15)","2022-07-29","5","満漢全席 (Live at 日本武道館 2022.5.15)","223985","https://open.spotify.com/track/1VlTaq27d0zqwEImNVv2U8"
"MCZ00081","MOMOIRO CLOVER Z 6th ALBUM TOUR “祝典""(Live at 日本武道館 2022.5.15)","2022-07-29","6","BUTTOBI! (Live at 日本武道館 2022.5.15)","242679","https://open.spotify.com/track/3MJY0H8lkbArOFdE23YjmC"
"MCZ00082","MOMOIRO CLOVER Z 6th ALBUM TOUR “祝典""(Live at 日本武道館 2022.5.15)","2022-07-29","7","ショービズ (Live at 日本武道館 2022.5.15)","233839","https://open.spotify.com/track/1i1pdHHjdWCwIRwfJ6Nf61"
"MCZ00083","MOMOIRO CLOVER Z 6th ALBUM TOUR “祝典""(Live at 日本武道館 2022.5.15)","2022-07-29","8","HAND (Live at 日本武道館 2022.5.15)","271905","https://open.spotify.com/track/6V9YgsGh6vua2RyNAAlL0n"
"MCZ00084","MOMOIRO CLOVER Z 6th ALBUM TOUR “祝典""(Live at 日本武道館 2022.5.15)","2022-07-29","9","Intermission -闍- (Live at 日本武道館 2022.5.15)","66785","https://open.spotify.com/track/5G4e1d8yYtMLq4GuHMDXnr"
"MCZ00085","MOMOIRO CLOVER Z 6th ALBUM TOUR “祝典""(Live at 日本武道館 2022.5.15)","2022-07-29","10","momo (Live at 日本武道館 2022.5.15)","298799","https://open.spotify.com/track/3cRRqnVUd1r3X4G90XQM30"
"MCZ00086","MOMOIRO CLOVER Z 6th ALBUM TOUR “祝典""(Live at 日本武道館 2022.5.15)","2022-07-29","11","なんとなく最低な日々 (Live at 日本武道館 2022.5.15)","256052","https://open.spotify.com/track/5ihY3y4Kq3aqXBmDUNOU6t"
"MCZ00087","MOMOIRO CLOVER Z 6th ALBUM TOUR “祝典""(Live at 日本武道館 2022.5.15)","2022-07-29","12","stay gold (Live at 日本武道館 2022.5.15)","234585","https://open.spotify.com/track/4dHqQJ7jPBsOwbg8cJX1ER"
"MCZ00088","MOMOIRO CLOVER Z 6th ALBUM TOUR “祝典""(Live at 日本武道館 2022.5.15)","2022-07-29","13","月色Chainon (Live at 日本武道館 2022.5.15)","271172","https://open.spotify.com/track/1kAYr6xFJ1rrUdnCSnzYx0"
"MCZ00089","MOMOIRO CLOVER Z 6th ALBUM TOUR “祝典""(Live at 日本武道館 2022.5.15)","2022-07-29","14","孤独の中で鳴るBeatっ! (Live at 日本武道館 2022.5.15)","305159","https://open.spotify.com/track/3gEXtJRKk8sxjh9FHvQlVz"
"MCZ00090","MOMOIRO CLOVER Z 6th ALBUM TOUR “祝典""(Live at 日本武道館 2022.5.15)","2022-07-29","15","手紙 (Live at 日本武道館 2022.5.15)","388052","https://open.spotify.com/track/31Xmv5XX8LC1lVn1mqRZhH"
"MCZ00091","MOMOIRO CLOVER Z 6th ALBUM TOUR “祝典""(Live at 日本武道館 2022.5.15)","2022-07-29","16","また逢う日まで (Live at 日本武道館 2022.5.15)","178839","https://open.spotify.com/track/2r69lkecWUIMtEOAoozg93"
"MCZ00092","MOMOIRO CLOVER Z 6th ALBUM TOUR “祝典""(Live at 日本武道館 2022.5.15)","2022-07-29","17","Closing Session -梨- (Live at 日本武道館 2022.5.15)","81879","https://open.spotify.com/track/3dcK2Ay2ZmHxbuMILPC7QC"
"MCZ00310","MONONOFU NIPPON feat. 布袋寅泰","2023-08-04","1","MONONOFU NIPPON feat. 布袋寅泰","262500","https://open.spotify.com/track/2Jp8TKibZMeNH7rUnERfHh"
"MCZ00391","MOON PRIDE","2014-07-30","1","MOON PRIDE","223640","https://open.spotify.com/track/2vKK2J9JLSHXwxz2njJvph"
"MCZ00392","MOON PRIDE","2014-07-30","2","月虹","262906","https://open.spotify.com/track/1jTR0CxHMVkuGecpWiXKKi"
"MCZ00393","MOON PRIDE","2014-07-30","3","Moon Revenge","266880","https://open.spotify.com/track/22eE7HsIkgi9BKMEJMxl9g"
"MCZ00394","MOON PRIDE","2014-07-30","4","MOON PRIDE(off vocal ver.)","222973","https://open.spotify.com/track/5g0aok55Yd88b9DyXSRaxh"
"MCZ00395","MOON PRIDE","2014-07-30","5","月虹(off vocal ver.)","262906","https://open.spotify.com/track/5mlQBfYmo9RIn1WjD3gYPk"
"MCZ00396","MOON PRIDE","2014-07-30","6","Moon Revenge(off vocal ver.)","265720","https://open.spotify.com/track/0gTQO8fOVjreGksqktjbWp"
"MCZ00320","MYSTERION","2022-04-29","1","MYSTERION","240265","https://open.spotify.com/track/47e3IIqqC5FbSp23Ij685X"
"MCZ00334","Nightmare Before Catharsis","2019-08-03","1","Nightmare Before Catharsis","271580","https://open.spotify.com/track/3NqDID1wO3oPLWFStqr8dV"
"MCZ00325","On Your Mark/ももいろクローバーZ with ファンキー加藤","2021-02-24","1","On Your Mark/ももいろクローバーZ with ファンキー加藤","244572","https://open.spotify.com/track/5wjOWHYlV3RXdSBSoePzel"
"MCZ00321","One Night Carnival","2022-03-30","1","One Night Carnival","300410","https://open.spotify.com/track/0kFK96zuHVK2DeJ60htlpp"
"MCZ00326","PLAY!","2020-11-30","1","PLAY!","223079","https://open.spotify.com/track/17SS6TbGkVygzCb0L83oP0"
"MCZ00345","Re:Story","2018-08-05","1","Re:Story","320690","https://open.spotify.com/track/5AKVyy1IaVcVCX24t4bYIY"
"MCZ00311","Re:volution","2023-07-21","1","Re:volution","218639","https://open.spotify.com/track/6OcaXwCMvegTumSpl2gxBG"
"MCZ00327","stay gold","2019-11-27","1","stay gold","214546","https://open.spotify.com/track/2iTMff0H6Mu20KQrJyd3Gq"
"MCZ00341","Sweet Wanderer","2018-12-21","1","Sweet Wanderer","318427","https://open.spotify.com/track/2Qu0mPuEHkHCtu0bmIiZ0x"
"MCZ00138","TDF LIVE BEST","2020-07-03","1","overture ～ももいろクローバーZ参上！！～ (｢10th Anniversary The Diamond Four -in 桃響導夢-｣ DAY2)","95199","https://open.spotify.com/track/5OtKzaTi7TruBU5FiXSSi7"
"MCZ00139","TDF LIVE BEST","2020-07-03","2","ROCK THE BOAT (｢MomocloMania2018 -Road to 2020-｣ DAY1)","207932","https://open.spotify.com/track/2cNFei0dspEDumlSYay1IE"
"MCZ00140","TDF LIVE BEST","2020-07-03","3","猛烈宇宙交響曲･第七楽章｢無限の愛｣ (｢ももいろクリスマス2018 DIAMOND PHILHARMONY -The Real Deal-｣DAY1)","311705","https://open.spotify.com/track/2GImxeddhgfIoalDja2o0w"
"MCZ00141","TDF LIVE BEST","2020-07-03","4","背番号 (｢MomocloMania2019 -ROAD TO 2020- 史上最大のプレ開会式｣ DAY2)","211359","https://open.spotify.com/track/536LNlmCgB9HaOH5vMDrPT"
"MCZ00142","TDF LIVE BEST","2020-07-03","5","灰とダイヤモンド (｢ももいろクリスマス2018 DIAMOND PHILHARMONY -The Real Deal-｣ DAY1)","409252","https://open.spotify.com/track/2Q71xeZRM1YJjgn3AsbAOQ"
"MCZ00143","TDF LIVE BEST","2020-07-03","6","吼えろ (｢ももいろクローバーZ 10th Anniversary The Diamond Four -in 桃響導夢-｣ DAY2)","264785","https://open.spotify.com/track/4p8zeLHdSnVvhkOpwg7TVZ"
"MCZ00144","TDF LIVE BEST","2020-07-03","7","Re:Story (｢MomocloMania2018 -Road to 2020-｣ DAY2)","354065","https://open.spotify.com/track/63BCfE4CgE2VlDdPi3nQvO"
"MCZ00145","TDF LIVE BEST","2020-07-03","8","白い風 (｢ももいろクリスマス2018 DIAMOND PHILHARMONY -The Real Deal-｣ DAY1)","251145","https://open.spotify.com/track/7tIJjCo5DRMMkJWdQibQaZ"
"MCZ00146","TDF LIVE BEST","2020-07-03","9","ゴリラパンチ (｢ももいろクローバーZ 10th Anniversary The Diamond Four -in 桃響導夢-｣ DAY2)","314185","https://open.spotify.com/track/6FaJfJX5PulCrCI6wmvwoz"
"MCZ00147","TDF LIVE BEST","2020-07-03","10","GET Z, GO!!!! (｢MomocloMania2018 -Road to 2020-｣ DAY1/2018.8.4公演)","264252","https://open.spotify.com/track/28SZoRXrUVuvaa2EHefqns"
"MCZ00148","TDF LIVE BEST","2020-07-03","11","今宵､ライブの下で (｢ももいろクローバーZ 10th Anniversary The Diamond Four -in 桃響導夢-｣ DAY2)","301092","https://open.spotify.com/track/3qqYqBcah6SPvAidVOwltL"
"MCZ00149","TDF LIVE BEST","2020-07-03","12","Nightmare Before Catharsis (｢MomocloMania2019 -ROAD TO 2020- 史上最大のプレ開会式｣ DAY1)","293465","https://open.spotify.com/track/1uFNC1g8rd5T6BYZJnhCle"
"MCZ00150","TDF LIVE BEST","2020-07-03","13","あの空へ向かって (｢ももいろクローバーZ 10th Anniversary The Diamond Four -in 桃響導夢-｣ DAY2)","338812","https://open.spotify.com/track/0Ck0tRysIPh3EBN9fI8e1e"
"MCZ00335","The Diamond Four/GODSPEED/あんた飛ばしすぎ!!/Re:Story/Sweet Wanderer/天国のでたらめ","2019-05-17","1","The Diamond Four","225160","https://open.spotify.com/track/1WhTnUTbuYj295y0KWlANr"
"MCZ00336","The Diamond Four/GODSPEED/あんた飛ばしすぎ!!/Re:Story/Sweet Wanderer/天国のでたらめ","2019-05-17","2","GODSPEED","261760","https://open.spotify.com/track/4Xq9p2osVAi4V8e30fYMAS"
"MCZ00337","The Diamond Four/GODSPEED/あんた飛ばしすぎ!!/Re:Story/Sweet Wanderer/天国のでたらめ","2019-05-17","3","あんた飛ばしすぎ!!","245773","https://open.spotify.com/track/1KHz9mveYgKX7Q6oLBW2t7"
"MCZ00338","The Diamond Four/GODSPEED/あんた飛ばしすぎ!!/Re:Story/Sweet Wanderer/天国のでたらめ","2019-05-17","4","Re:Story","319586","https://open.spotify.com/track/63rAPBHkotRKNMZ3I1h01U"
"MCZ00339","The Diamond Four/GODSPEED/あんた飛ばしすぎ!!/Re:Story/Sweet Wanderer/天国のでたらめ","2019-05-17","5","Sweet Wanderer","317253","https://open.spotify.com/track/4YcJ9B3mj8dR2NUGATnLx0"
"MCZ00340","The Diamond Four/GODSPEED/あんた飛ばしすぎ!!/Re:Story/Sweet Wanderer/天国のでたらめ","2019-05-17","6","天国のでたらめ","308520","https://open.spotify.com/track/7bxpv7EUcFKVqudFmfYcv5"
"MCZ00151","ZZ's","2020-01-31","1","行くぜっ!怪盗少女 -ZZ ver.-","228026","https://open.spotify.com/track/6gIf4tylgA6mr7mj62Pz55"
"MCZ00152","ZZ's","2020-01-31","2","走れ! -ZZ ver.-","282013","https://open.spotify.com/track/4GAxImqhNN1uORcirfAVir"
"MCZ00153","ZZ's","2020-01-31","3","全力少女 -ZZ ver.-","268586","https://open.spotify.com/track/1SpWMkMpGJgXRtL9ofbwrE"
"MCZ00154","ZZ's","2020-01-31","4","Chai Maxx -ZZ ver.-","273466","https://open.spotify.com/track/7GcZiTsWevwY7IWTepcTiX"
"MCZ00155","ZZ's","2020-01-31","5","オレンジノート -ZZ ver.-","291880","https://open.spotify.com/track/7K6n0JfnSqstN5A5IJ9zEJ"
"MCZ00156","ZZ's","2020-01-31","6","Z伝説 ～ファンファーレは止まらない～","316893","https://open.spotify.com/track/7eoYNMXCWLC2ADEHzZ2kab"
"MCZ00157","ZZ's","2020-01-31","7","DNA狂詩曲 -ZZ ver.-","260506","https://open.spotify.com/track/6EYjc32hkQNaCawxkHW5m2"
"MCZ00158","ZZ's","2020-01-31","8","ツヨクツヨク -ZZ ver.-","230600","https://open.spotify.com/track/4ft11QipLlhXAC6fwChf6Q"
"MCZ00159","ZZ's","2020-01-31","9","MOON PRIDE -ZZ ver.-","219986","https://open.spotify.com/track/727MSV1MB2OXmOGm7Zgqmh"
"MCZ00160","ZZ's","2020-01-31","10","『Z』の誓い -ZZ ver.-","304133","https://open.spotify.com/track/5kLh746jvgdUXJrdpO00Kt"
"MCZ00161","ZZ's","2020-01-31","11","ココ☆ナツ -ZZ ver.-","278800","https://open.spotify.com/track/4lVQTUYJODAG5uywdK9UVS"
"MCZ00162","ZZ's","2020-01-31","12","サンタさん -ZZ ver.-","288813","https://open.spotify.com/track/7I68pYdcevLFN4A3XGqlG0"
"MCZ00110","ZZ's Ⅱ","2021-05-17","1","ワニとシャンプー -ZZ ver.-","243239","https://open.spotify.com/track/0vtd2nklEKpg0q2SbK12qK"
"MCZ00111","ZZ's Ⅱ","2021-05-17","2","白い風 -ZZ ver.-","255532","https://open.spotify.com/track/15CdqNrK9W1JkfEVY6JTlE"
"MCZ00112","ZZ's Ⅱ","2021-05-17","3","猛烈宇宙交響曲・第七楽章「無限の愛」 -ZZ ver.-","309879","https://open.spotify.com/track/3MDGJ0pVnyvP2tGYqUirUQ"
"MCZ00113","ZZ's Ⅱ","2021-05-17","4","ニッポン笑顔百景 -ZZ ver.-","233119","https://open.spotify.com/track/2U69kVLGLVdOtzWK2UAsbg"
"MCZ00114","ZZ's Ⅱ","2021-05-17","5","サラバ、愛しき悲しみたちよ -ZZ ver.-","298239","https://open.spotify.com/track/6s4zDvGZsM1mI09uIrArj6"
"MCZ00115","ZZ's Ⅱ","2021-05-17","6","灰とダイヤモンド -ZZ ver.-","410092","https://open.spotify.com/track/2vssqUkMKpQKQnib8oAYM5"
"MCZ00116","ZZ's Ⅱ","2021-05-17","7","GOUNN -ZZ ver.-","342572","https://open.spotify.com/track/4AWfjjOnqHyaNZMH2t7XxK"
"MCZ00117","ZZ's Ⅱ","2021-05-17","8","ゴリラパンチ -ZZ ver.-","274305","https://open.spotify.com/track/7EFNxpdRTbwMXPzODYvFSe"
"MCZ00118","ZZ's Ⅱ","2021-05-17","9","マホロバケーション -ZZ ver.-","266932","https://open.spotify.com/track/7f5oFrKcE9ppuwQttuXjpT"
"MCZ00119","ZZ's Ⅱ","2021-05-17","10","モノクロデッサン -ZZ ver.-","352145","https://open.spotify.com/track/5coRvuuwlhM2yX2PpaGwYi"
"MCZ00066","ZZ's Ⅲ","2023-04-07","1","ピンキージョーンズ -ZZ ver.-","252172","https://open.spotify.com/track/2VFBY1g63TC9Ur4l1cFaKH"
"MCZ00067","ZZ's Ⅲ","2023-04-07","2","CONTRADICTION -ZZ ver.-","249745","https://open.spotify.com/track/74UPlZR05hgGLXljr4o14f"
"MCZ00068","ZZ's Ⅲ","2023-04-07","3","Z女戦争 -ZZ ver.-","416639","https://open.spotify.com/track/5DVDN8QZV0ls1JKvwE0Mzn"
"MCZ00069","ZZ's Ⅲ","2023-04-07","4","黒い週末 -ZZ ver.-","382865","https://open.spotify.com/track/7ko96ciSuuoGJ7F0DkedCP"
"MCZ00070","ZZ's Ⅲ","2023-04-07","5","空のカーテン -ZZ ver.-","363212","https://open.spotify.com/track/4bJ5uIPQUp0a6Y5kLzPwVj"
"MCZ00071","ZZ's Ⅲ","2023-04-07","6","仮想ディストピア -ZZ ver.-","245372","https://open.spotify.com/track/2ZeKTErn2CJB2ZyAD43Zhq"
"MCZ00072","ZZ's Ⅲ","2023-04-07","7","Link Link -ZZ ver.-","311719","https://open.spotify.com/track/250jed5XWOmE1ED3jyi63c"
"MCZ00073","ZZ's Ⅲ","2023-04-07","8","WE ARE BORN -ZZ ver.-","260599","https://open.spotify.com/track/4B5IS9oB8Jd0SGiFJiCBUa"
"MCZ00074","ZZ's Ⅲ","2023-04-07","9","白金の夜明け -ZZ ver.-","365719","https://open.spotify.com/track/6r1l0YUhXm1qBJ5ZJjaQtj"
"MCZ00075","ZZ's Ⅲ","2023-04-07","10","BLAST! -ZZ ver.-","332785","https://open.spotify.com/track/2EuiBZpC01nJeiXusQmMoV"
"MCZ00422","Z女戦争","2012-06-27","1","Z女戦争","415040","https://open.spotify.com/track/14hwW40bmZr4NYpK55FxlQ"
"MCZ00423","Z女戦争","2012-06-27","2","PUSH","274640","https://open.spotify.com/track/1pmsWVGnyVsjhp1b4b1oMs"
"MCZ00424","Z女戦争","2012-06-27","3","みてみて☆こっちっち","232373","https://open.spotify.com/track/0HmJAFKFRpUe4RsIN3PwEt"
"MCZ00344","あんた飛ばしすぎ!!","2018-09-14","1","あんた飛ばしすぎ!!","247203","https://open.spotify.com/track/7lSacvtRiYys7Yw2zfOdgi"
"MCZ00313","いちごいちえ","2023-04-21","1","いちごいちえ","230692","https://open.spotify.com/track/3z6Vc4oXj7T1pgDhoHKjfr"
"MCZ00026","イドラ","2024-05-08","1","序章 -revelation-","108159","https://open.spotify.com/track/2ii5iEMijbwn9ESiCkSM55"
"MCZ00027","イドラ","2024-05-08","2","Heroes","225052","https://open.spotify.com/track/7l3uhIYBLjjX99XbPGolV1"
"MCZ00028","イドラ","2024-05-08","3","Brand New Day","249972","https://open.spotify.com/track/0aaFOG8gPkoG472A2PZH12"
"MCZ00029","イドラ","2024-05-08","4","Re:volution","221252","https://open.spotify.com/track/1ErRHubFHEL7u0VZL57dWX"
"MCZ00030","イドラ","2024-05-08","5","MEKIMEKI","191932","https://open.spotify.com/track/0zqtshFel2GmZx3iW81VKc"
"MCZ00031","イドラ","2024-05-08","6","MONONOFU NIPPON feat. 布袋寅泰","262999","https://open.spotify.com/track/3nCG1k4dfYGRqgHYclYQiX"
"MCZ00032","イドラ","2024-05-08","7","一味同心","279199","https://open.spotify.com/track/4U6a6yb0hnHg8YnsJ1MK9N"
"MCZ00033","イドラ","2024-05-08","8","桃照桃神","239599","https://open.spotify.com/track/0KWCGuQ5lnBykQWZjN1V6I"
"MCZ00034","イドラ","2024-05-08","9","Majoram Therapie","265372","https://open.spotify.com/track/52y4KVGPb8gJ78pfrNepEQ"
"MCZ00035","イドラ","2024-05-08","10","追憶のファンファーレ","215905","https://open.spotify.com/track/39HeDOQqFnLspBe6KpfzQQ"
"MCZ00036","イドラ","2024-05-08","11","いちごいちえ","232692","https://open.spotify.com/track/4Q5At48HwaIoO2p4GVgsXo"
"MCZ00037","イドラ","2024-05-08","12","L.O.V.E","209865","https://open.spotify.com/track/7lz1eNw3Oa7d6JM4II6j51"
"MCZ00038","イドラ","2024-05-08","13","Friends Friends Friends","276892","https://open.spotify.com/track/7FGxKLws5EigU5xMKnkopB"
"MCZ00039","イドラ","2024-05-08","14","誓い未来","278505","https://open.spotify.com/track/1doVoyjwpwJV6ZTHQa5JrE"
"MCZ00040","イドラ","2024-05-08","15","idola","492719","https://open.spotify.com/track/63qiLZUodlGPCeCVT8ZCad"
"MCZ00328","おどるポンポコリン","2019-08-28","1","おどるポンポコリン","197213","https://open.spotify.com/track/4lEB1tqILbUcCkUDdLvNSW"
"MCZ00329","おどるポンポコリン","2019-08-28","2","ありがとうのうた","270746","https://open.spotify.com/track/2UgtVslwixSxORY2F7dSQm"
"MCZ00330","おどるポンポコリン","2019-08-28","3","私を選んで!花輪くん","222533","https://open.spotify.com/track/1fRjNnvakNCiSKUFiqiriP"
"MCZ00331","おどるポンポコリン","2019-08-28","4","おどるポンポコリン (off vocal ver.)","197200","https://open.spotify.com/track/1cqPMl3zyKHm99Ja2g5xWK"
"MCZ00332","おどるポンポコリン","2019-08-28","5","ありがとうのうた (off vocal ver.)","270746","https://open.spotify.com/track/77Q3TSKRft5EGAosvJB49y"
"MCZ00333","おどるポンポコリン","2019-08-28","6","私を選んで!花輪くん (off vocal ver.)","222533","https://open.spotify.com/track/1jESbpt4LXhskHQMJAu387"
"MCZ00222","ザ・ゴールデン・ヒストリー","2016-09-07","1","ザ・ゴールデン・ヒストリー","302720","https://open.spotify.com/track/74ZWPqxqRum1Gow3uWFjto"
"MCZ00223","ザ・ゴールデン・ヒストリー","2016-09-07","2","DECORATION","276040","https://open.spotify.com/track/2Xq1tpd2Y8sE5DCynEHMby"
"MCZ00224","ザ・ゴールデン・ヒストリー","2016-09-07","3","Hanabi","298520","https://open.spotify.com/track/5OM5EADh2DUcVJ5K4Q2o4K"
"MCZ00225","ザ・ゴールデン・ヒストリー","2016-09-07","4","伸ルカ反ルカ","285520","https://open.spotify.com/track/0ljnSibN78cuRt9xgSE8wC"
"MCZ00226","ザ・ゴールデン・ヒストリー","2016-09-07","5","ザ・ゴールデン・ヒストリー(off vocal ver.)","302546","https://open.spotify.com/track/1Mtsz3ejr1GHhq271lxlYd"
"MCZ00227","ザ・ゴールデン・ヒストリー","2016-09-07","6","DECORATION(off vocal ver.)","276560","https://open.spotify.com/track/10w7FveB7pq7HXD5KXERix"
"MCZ00228","ザ・ゴールデン・ヒストリー","2016-09-07","7","Hanabi(off vocal ver.)","298493","https://open.spotify.com/track/3zWUPTNOUCA4al5FmSGlsP"
"MCZ00229","ザ・ゴールデン・ヒストリー","2016-09-07","8","伸ルカ反ルカ(off vocal ver.)","281853","https://open.spotify.com/track/7luUc2BIX13hyWdGmzyYHV"
"MCZ00415","サラバ､愛しき悲しみたちよ","2012-11-21","1","サラバ､愛しき悲しみたちよ","298786","https://open.spotify.com/track/5d3y9oPrTUm1LyIIAeummq"
"MCZ00416","サラバ､愛しき悲しみたちよ","2012-11-21","2","黒い週末","380693","https://open.spotify.com/track/3iUsWf2xLHjIxBaFmL9sxW"
"MCZ00417","サラバ､愛しき悲しみたちよ","2012-11-21","3","Wee-Tee-Wee-Tee","262800","https://open.spotify.com/track/5YbQPactAC6XRrcNbQ9JT8"
"MCZ00319","ショービズ","2022-05-11","1","ショービズ","236053","https://open.spotify.com/track/3wkM7JA1IM5HTlFJZUFGwK"
"MCZ00418","ニッポン笑顔百景","2012-09-05","1","ニッポン笑顔百景","234573","https://open.spotify.com/track/7HvLwBlGXvaWJZpg1IqwbS"
"MCZ00419","ニッポン笑顔百景","2012-09-05","2","ニッポン笑顔百景 (客演:林家木久扇)","263840","https://open.spotify.com/track/6E32Tbu6dOm0XulBIDlZne"
"MCZ00420","ニッポン笑顔百景","2012-09-05","3","もリフだョ!全員集合","248813","https://open.spotify.com/track/5KlbhVpeFPb3QlxKOokOyp"
"MCZ00421","ニッポン笑顔百景","2012-09-05","4","ベター is the Best","251306","https://open.spotify.com/track/5QAlAQVRdxMBh9dMe3Gn4E"
"MCZ00279","バトル アンド ロマンス","2011-07-27","1","Z伝説 ～終わりなき革命～","306480","https://open.spotify.com/track/2F6ExvctZLnUi3Ja2PZZ8q"
"MCZ00280","バトル アンド ロマンス","2011-07-27","2","CONTRADICTION","253160","https://open.spotify.com/track/0NrSI67RRwf9SZ0kNCxwxe"
"MCZ00281","バトル アンド ロマンス","2011-07-27","3","ミライボウル","264626","https://open.spotify.com/track/0o0Y7jzGmaozlAYQxbSgmq"
"MCZ00282","バトル アンド ロマンス","2011-07-27","4","ワニとシャンプー","242226","https://open.spotify.com/track/4IVrQgd48Vj5z7LLOU6xCW"
"MCZ00283","バトル アンド ロマンス","2011-07-27","5","ピンキージョーンズ","251693","https://open.spotify.com/track/0PwCbifT0dVsAez2c4RMGB"
"MCZ00284","バトル アンド ロマンス","2011-07-27","6","キミノアト","291800","https://open.spotify.com/track/1ZRkwEhs9FeT9fXdYrA5wj"
"MCZ00285","バトル アンド ロマンス","2011-07-27","7","D´の純情","253786","https://open.spotify.com/track/6Ry8RSrYtfVGbzPcKVBlRX"
"MCZ00286","バトル アンド ロマンス","2011-07-27","8","天手力男","287746","https://open.spotify.com/track/2UJjDZ3lFVVQhMWzwW9Miv"
"MCZ00287","バトル アンド ロマンス","2011-07-27","9","オレンジノート","285680","https://open.spotify.com/track/7zVvkhTH2MO7xODo9HvZex"
"MCZ00288","バトル アンド ロマンス","2011-07-27","10","スターダストセレナーデ","269733","https://open.spotify.com/track/2ayZ48zwHSRXaFAStYAb4B"
"MCZ00289","バトル アンド ロマンス","2011-07-27","11","コノウタ","259986","https://open.spotify.com/track/2VQPYCNdTghx5MgT411oSk"
"MCZ00290","バトル アンド ロマンス","2011-07-27","12","ももクロのニッポン万歳!","302653","https://open.spotify.com/track/1zWSIBTEHMu164YvoAUKvC"
"MCZ00312","ヒカリミチ","2023-05-18","1","ヒカリミチ","292425","https://open.spotify.com/track/5UPxZyxop4edd87dDG5vOa"
"MCZ00436","ピンキージョーンズ","2010-11-10","1","ピンキージョーンズ","250986","https://open.spotify.com/track/7t0FmIxKj1klWOisrMAs6B"
"MCZ00437","ピンキージョーンズ","2010-11-10","2","ココ☆ナツ","246213","https://open.spotify.com/track/01vALRy3aLahMZ9EJ99gmg"
"MCZ00438","ピンキージョーンズ","2010-11-10","3","キミとセカイ","240520","https://open.spotify.com/track/666Q7BOBXEKT3g82qcG8P4"
"MCZ00308","マツケンサンバII×行くぜっ!怪盗少女 -TeddyLoid ULTRA MASHUP ver.-","2023-12-24","1","マツケンサンバII×行くぜっ!怪盗少女 -TeddyLoid ULTRA MASHUP ver.-","273000","https://open.spotify.com/track/1M2hb61cix3ZhM17zM83h9"
"MCZ00433","ミライボウル","2011-03-09","1","ミライボウル","265040","https://open.spotify.com/track/78K5Bx9LFNh52euwWAAEWn"
"MCZ00434","ミライボウル","2011-03-09","2","Chai Maxx","274520","https://open.spotify.com/track/7IZl0L6l0EIlRRLyFVqqvn"
"MCZ00435","ミライボウル","2011-03-09","3","全力少女","266240","https://open.spotify.com/track/7uW9NBV548CjzP1rcObQQx"
"MCZ00001","ももいろクリスマス2023 PLAYERS (Live at さいたまスーパーアリーナ 2023.12.24)","2024-11-15","1","ももクリ2023 OPENING (Live at さいたまスーパーアリーナ 2023.12.24)","379525","https://open.spotify.com/track/020NKfZrGPatTqM2VK1ald"
"MCZ00002","ももいろクリスマス2023 PLAYERS (Live at さいたまスーパーアリーナ 2023.12.24)","2024-11-15","2","momo (Live at さいたまスーパーアリーナ 2023.12.24)","291858","https://open.spotify.com/track/4bsOz9H2w9baYnPoXuFbvd"
"MCZ00003","ももいろクリスマス2023 PLAYERS (Live at さいたまスーパーアリーナ 2023.12.24)","2024-11-15","3","LOST CHILD (Live at さいたまスーパーアリーナ 2023.12.24)","306820","https://open.spotify.com/track/4Ugfwk5f1YyB8i6dwc7LkO"
"MCZ00004","ももいろクリスマス2023 PLAYERS (Live at さいたまスーパーアリーナ 2023.12.24)","2024-11-15","4","Re:volution (Live at さいたまスーパーアリーナ 2023.12.24)","221416","https://open.spotify.com/track/6MHTpyVxh18vm2BtxrYcnz"
"MCZ00005","ももいろクリスマス2023 PLAYERS (Live at さいたまスーパーアリーナ 2023.12.24)","2024-11-15","5","L.O.V.E (Live at さいたまスーパーアリーナ 2023.12.24)","231300","https://open.spotify.com/track/5VDDNAgND6MAd5BL42eQtH"
"MCZ00006","ももいろクリスマス2023 PLAYERS (Live at さいたまスーパーアリーナ 2023.12.24)","2024-11-15","6","PLAY! (Live at さいたまスーパーアリーナ 2023.12.24)","228849","https://open.spotify.com/track/66ffpvFhMixqTwSgJ1OXk1"
"MCZ00007","ももいろクリスマス2023 PLAYERS (Live at さいたまスーパーアリーナ 2023.12.24)","2024-11-15","7","誓い未来 (Live at さいたまスーパーアリーナ 2023.12.24)","282447","https://open.spotify.com/track/55au1VrhL2YExZ5EvIawI2"
"MCZ00008","ももいろクリスマス2023 PLAYERS (Live at さいたまスーパーアリーナ 2023.12.24)","2024-11-15","8","ゲッダーン! (Live at さいたまスーパーアリーナ 2023.12.24)","213784","https://open.spotify.com/track/0UoNDKTpWrsHMJAiUV4vZc"
"MCZ00009","ももいろクリスマス2023 PLAYERS (Live at さいたまスーパーアリーナ 2023.12.24)","2024-11-15","9","ショービズ (Live at さいたまスーパーアリーナ 2023.12.24)","256031","https://open.spotify.com/track/3ibu1SjMbF6CHvFchi83Dw"
"MCZ00010","ももいろクリスマス2023 PLAYERS (Live at さいたまスーパーアリーナ 2023.12.24)","2024-11-15","10","BLAST! (Live at さいたまスーパーアリーナ 2023.12.24)","330599","https://open.spotify.com/track/4M75YedkyvKipVqWi5qjhB"
"MCZ00011","ももいろクリスマス2023 PLAYERS (Live at さいたまスーパーアリーナ 2023.12.24)","2024-11-15","11","HAND (Live at さいたまスーパーアリーナ 2023.12.24)","303599","https://open.spotify.com/track/1QBqJvD44gHbM8mEZFlDOu"
"MCZ00012","ももいろクリスマス2023 PLAYERS (Live at さいたまスーパーアリーナ 2023.12.24)","2024-11-15","12","加藤いづみとゴスペルシンガーズによる聖なる夜の合唱会 (Live at さいたまスーパーアリーナ 2023.12.24)","370700","https://open.spotify.com/track/2Js75iUcv0agrvQL4xOxlj"
"MCZ00013","ももいろクリスマス2023 PLAYERS (Live at さいたまスーパーアリーナ 2023.12.24)","2024-11-15","13","真冬のサンサンサマータイム (Live at さいたまスーパーアリーナ 2023.12.24)","271399","https://open.spotify.com/track/3W2O4qcANLN7hgk7SLNm52"
"MCZ00014","ももいろクリスマス2023 PLAYERS (Live at さいたまスーパーアリーナ 2023.12.24)","2024-11-15","14","サンタさん -ZZ ver.- (Live at さいたまスーパーアリーナ 2023.12.24)","292113","https://open.spotify.com/track/53qR1HmV4iJbl0gZyIgi6B"
"MCZ00015","ももいろクリスマス2023 PLAYERS (Live at さいたまスーパーアリーナ 2023.12.24)","2024-11-15","15","泣いちゃいそう冬 (Live at さいたまスーパーアリーナ 2023.12.24)","261236","https://open.spotify.com/track/7Lh0KhPDMR5iEWlsSwpWAN"
"MCZ00016","ももいろクリスマス2023 PLAYERS (Live at さいたまスーパーアリーナ 2023.12.24)","2024-11-15","16","走れ! -ZZ ver.- (Live at さいたまスーパーアリーナ 2023.12.24)","295904","https://open.spotify.com/track/4lEXhg3YhGV2mT2jvEI5WH"
"MCZ00017","ももいろクリスマス2023 PLAYERS (Live at さいたまスーパーアリーナ 2023.12.24)","2024-11-15","17","空のカーテン (Live at さいたまスーパーアリーナ 2023.12.24)","372647","https://open.spotify.com/track/3KIkOZcF70GhDrztdsKy6g"
"MCZ00018","ももいろクリスマス2023 PLAYERS (Live at さいたまスーパーアリーナ 2023.12.24)","2024-11-15","18","黒い週末 (Live at さいたまスーパーアリーナ 2023.12.24)","388857","https://open.spotify.com/track/4nz8LnD6yG0s07yRLIDPDz"
"MCZ00019","ももいろクリスマス2023 PLAYERS (Live at さいたまスーパーアリーナ 2023.12.24)","2024-11-15","19","今宵、ライブの下で (Live at さいたまスーパーアリーナ 2023.12.24)","303608","https://open.spotify.com/track/6dHla4UPC3TmcXh4Lvkaw4"
"MCZ00020","ももいろクリスマス2023 PLAYERS (Live at さいたまスーパーアリーナ 2023.12.24)","2024-11-15","20","桃色空 (Live at さいたまスーパーアリーナ 2023.12.24)","352354","https://open.spotify.com/track/0yhgIPRsAC6iFQUf2bwUGY"
"MCZ00021","ももいろクリスマス2023 PLAYERS (Live at さいたまスーパーアリーナ 2023.12.24)","2024-11-15","21","ロードショー (Live at さいたまスーパーアリーナ 2023.12.24)","316733","https://open.spotify.com/track/26wuVN2Z9DzoGWG1mx5H09"
"MCZ00022","ももいろクリスマス2023 PLAYERS (Live at さいたまスーパーアリーナ 2023.12.24)","2024-11-15","22","overture ～ももいろクローバーZ参上!!～ (Live at さいたまスーパーアリーナ 2023.12.24)","91295","https://open.spotify.com/track/4lC0gDbiA5Lpj8jsA1Piyt"
"MCZ00023","ももいろクリスマス2023 PLAYERS (Live at さいたまスーパーアリーナ 2023.12.24)","2024-11-15","23","MONONOFU NIPPON feat. 布袋寅泰 (Live at さいたまスーパーアリーナ 2023.12.24)","288489","https://open.spotify.com/track/0Yebj6hwESPZEtuDNFSQwc"
"MCZ00024","ももいろクリスマス2023 PLAYERS (Live at さいたまスーパーアリーナ 2023.12.24)","2024-11-15","24","白い風 (Live at さいたまスーパーアリーナ 2023.12.24)","291401","https://open.spotify.com/track/4BiViK7sh3yaZb8xJ1LAQt"
"MCZ00025","ももいろクリスマス2023 PLAYERS (Live at さいたまスーパーアリーナ 2023.12.24)","2024-11-15","25","また逢う日まで (Live at さいたまスーパーアリーナ 2023.12.24)","349516","https://open.spotify.com/track/1kVfQiPYZHDdoFNH340hfS"
"MCZ00299","やわく恋して ～ずっと僕らでいられますように～","2024-10-04","1","やわく恋して ～ずっと僕らでいられますように～","223002","https://open.spotify.com/track/7bcK1Zy9ePYQvGI8X1f64P"
"MCZ00300","レナセールセレナーデ","2024-08-28","1","レナセールセレナーデ","251519","https://open.spotify.com/track/3mBmwUU16GPYngenrlI0MB"
"MCZ00301","レナセールセレナーデ","2024-08-28","2","Burn your Beat","235185","https://open.spotify.com/track/5iMswW9NsfGtT5JqSNZFyO"
"MCZ00302","レナセールセレナーデ","2024-08-28","3","レナセールセレナーデ (TV size)","92292","https://open.spotify.com/track/7bHI1UpHOFc0XSs5nWOpjE"
"MCZ00303","レナセールセレナーデ","2024-08-28","4","レナセールセレナーデ (off vocal ver.)","250852","https://open.spotify.com/track/3uOO11g0WhdpQfW74TZ0bB"
"MCZ00304","レナセールセレナーデ","2024-08-28","5","Burn your Beat (off vocal ver.)","234519","https://open.spotify.com/track/0xKbRRixfKmT7iQZaxn8h4"
"MCZ00318","一味同心","2022-08-19","1","一味同心","277599","https://open.spotify.com/track/3AvGk1SPzxYpymVy8LsBsN"
"MCZ00385","一粒の笑顔で…/Chai Maxx ZERO","2014-12-24","1","一粒の笑顔で…","307040","https://open.spotify.com/track/1FSI8NeHwInnvnD8hGwfgQ"
"MCZ00386","一粒の笑顔で…/Chai Maxx ZERO","2014-12-24","2","Chai Maxx ZERO","293680","https://open.spotify.com/track/2aJ2kfEAFmwcEVPTZ1u03x"
"MCZ00387","一粒の笑顔で…/Chai Maxx ZERO","2014-12-24","3","KONOYUBi TOMALe","245080","https://open.spotify.com/track/2AAfzRzQSM9QJfPeBS3uLi"
"MCZ00388","一粒の笑顔で…/Chai Maxx ZERO","2014-12-24","4","一粒の笑顔で…(off vocal ver.)","306373","https://open.spotify.com/track/3fAwEkv4HERg3sJsN5stzP"
"MCZ00389","一粒の笑顔で…/Chai Maxx ZERO","2014-12-24","5","Chai Maxx ZERO(off vocal ver.)","293680","https://open.spotify.com/track/62oeyZ7Fk792dW6UPvjnUn"
"MCZ00390","一粒の笑顔で…/Chai Maxx ZERO","2014-12-24","6","KONOYUBi TOMALe(off vocal ver.)","242426","https://open.spotify.com/track/13x5cGnegUEA4wYNuAfWk4"
"MCZ00363","今宵、ライブの下で","2015-12-23","1","今宵、ライブの下で","297166","https://open.spotify.com/track/1BFl6joFpewtoVA4sZH9fA"
"MCZ00364","今宵、ライブの下で","2015-12-23","2","今宵、ライブの下で - off vocal ver.","297166","https://open.spotify.com/track/1PbPOz3jWqdY7Ic3XwawpK"
"MCZ00041","代々木無限大記念日 (Live at 国立代々木競技場 第一体育館 2023.5.17)","2023-08-25","1","overture ～ももいろクローバーZ参上!!～ (Live at 国立代々木競技場 第一体育館 2023.5.17)","109102","https://open.spotify.com/track/6yTVue4ZiuBnFYJeAg415g"
"MCZ00042","代々木無限大記念日 (Live at 国立代々木競技場 第一体育館 2023.5.17)","2023-08-25","2","行くぜっ!怪盗少女 -ZZ ver.- (Live at 国立代々木競技場 第一体育館 2023.5.17)","227243","https://open.spotify.com/track/7v07nB0QiW8ocpftgx48am"
"MCZ00043","代々木無限大記念日 (Live at 国立代々木競技場 第一体育館 2023.5.17)","2023-08-25","3","ダンシングタンク♡ (Live at 国立代々木競技場 第一体育館 2023.5.17)","196828","https://open.spotify.com/track/6x4DomEu7rFlWH0qRF0o9Z"
"MCZ00044","代々木無限大記念日 (Live at 国立代々木競技場 第一体育館 2023.5.17)","2023-08-25","4","ピンキージョーンズ -ZZ ver.- (Live at 国立代々木競技場 第一体育館 2023.5.17)","259548","https://open.spotify.com/track/0t5pn74432KWyqU31diD8O"
"MCZ00045","代々木無限大記念日 (Live at 国立代々木競技場 第一体育館 2023.5.17)","2023-08-25","5","サラバ、愛しき悲しみたちよ (Live at 国立代々木競技場 第一体育館 2023.5.17)","326639","https://open.spotify.com/track/1t1IJ8kkTx68HvOHUBPfCJ"
"MCZ00046","代々木無限大記念日 (Live at 国立代々木競技場 第一体育館 2023.5.17)","2023-08-25","6","Z伝説 ～ファンファーレは止まらない～ (Live at 国立代々木競技場 第一体育館 2023.5.17)","319599","https://open.spotify.com/track/4l72FNcOgmA8L4c1u00PaX"
"MCZ00047","代々木無限大記念日 (Live at 国立代々木競技場 第一体育館 2023.5.17)","2023-08-25","7","吼えろ (Live at 国立代々木競技場 第一体育館 2023.5.17)","265007","https://open.spotify.com/track/3OtpKeUiRp8ys0zWap4vlt"
"MCZ00048","代々木無限大記念日 (Live at 国立代々木競技場 第一体育館 2023.5.17)","2023-08-25","8","stay gold (Live at 国立代々木競技場 第一体育館 2023.5.17)","213700","https://open.spotify.com/track/47SOzfRuNSTY6X3Z6avsIN"
"MCZ00049","代々木無限大記念日 (Live at 国立代々木競技場 第一体育館 2023.5.17)","2023-08-25","9","労働讃歌 (Live at 国立代々木競技場 第一体育館 2023.5.17)","282287","https://open.spotify.com/track/3sNdsFAJBQUYUJB83BkfMF"
"MCZ00050","代々木無限大記念日 (Live at 国立代々木競技場 第一体育館 2023.5.17)","2023-08-25","10","Z女戦争 (Live at 国立代々木競技場 第一体育館 2023.5.17)","451713","https://open.spotify.com/track/1S4eJWJwPSMLvhnFkRg9Vi"
"MCZ00051","代々木無限大記念日 (Live at 国立代々木競技場 第一体育館 2023.5.17)","2023-08-25","11","笑一笑 ～シャオイーシャオ!～ (Live at 国立代々木競技場 第一体育館 2023.5.17)","288367","https://open.spotify.com/track/3ZrQZBWswfmxR9zARsEByi"
"MCZ00052","代々木無限大記念日 (Live at 国立代々木競技場 第一体育館 2023.5.17)","2023-08-25","12","Nightmare Before Catharsis (Live at 国立代々木競技場 第一体育館 2023.5.17)","271561","https://open.spotify.com/track/5vhkLWK3qxPwhQm1KqWR1u"
"MCZ00053","代々木無限大記念日 (Live at 国立代々木競技場 第一体育館 2023.5.17)","2023-08-25","13","CONTRADICTION (Live at 国立代々木競技場 第一体育館 2023.5.17)","243797","https://open.spotify.com/track/2q5d3FRZzjlSRygZqyHQP8"
"MCZ00054","代々木無限大記念日 (Live at 国立代々木競技場 第一体育館 2023.5.17)","2023-08-25","14","ゴリラパンチ (Live at 国立代々木競技場 第一体育館 2023.5.17)","277402","https://open.spotify.com/track/5pSfpuhT03oIXTBTR8wUHO"
"MCZ00055","代々木無限大記念日 (Live at 国立代々木競技場 第一体育館 2023.5.17)","2023-08-25","15","MYSTERION (Live at 国立代々木競技場 第一体育館 2023.5.17)","241695","https://open.spotify.com/track/7mKlhw2NhWc1mE18oPDU8i"
"MCZ00056","代々木無限大記念日 (Live at 国立代々木競技場 第一体育館 2023.5.17)","2023-08-25","16","BIONIC CHERRY (Live at 国立代々木競技場 第一体育館 2023.5.17)","246863","https://open.spotify.com/track/1g7LZ6GhAboG0A8MpYTx7H"
"MCZ00057","代々木無限大記念日 (Live at 国立代々木競技場 第一体育館 2023.5.17)","2023-08-25","17","コノウタ (Live at 国立代々木競技場 第一体育館 2023.5.17)","320099","https://open.spotify.com/track/4yHv2VuvoqyLqhacogSjQ0"
"MCZ00058","代々木無限大記念日 (Live at 国立代々木競技場 第一体育館 2023.5.17)","2023-08-25","18","ツヨクツヨク (Live at 国立代々木競技場 第一体育館 2023.5.17)","243503","https://open.spotify.com/track/0qsBYqERdL7RDcljO1aUCr"
"MCZ00059","代々木無限大記念日 (Live at 国立代々木競技場 第一体育館 2023.5.17)","2023-08-25","19","クローバーとダイヤモンド (Live at 国立代々木競技場 第一体育館 2023.5.17)","318646","https://open.spotify.com/track/43v26krQs8wmIt6rjW67Ew"
"MCZ00060","代々木無限大記念日 (Live at 国立代々木競技場 第一体育館 2023.5.17)","2023-08-25","20","スターダストセレナーデ (Live at 国立代々木競技場 第一体育館 2023.5.17)","267379","https://open.spotify.com/track/5c6xWcmsZUeiUGKUcuUyge"
"MCZ00061","代々木無限大記念日 (Live at 国立代々木競技場 第一体育館 2023.5.17)","2023-08-25","21","Downtown Momoclo Band紹介 (Live at 国立代々木競技場 第一体育館 2023.5.17)","173560","https://open.spotify.com/track/2ImtGpKMOr4GW5Zlf3f16T"
"MCZ00062","代々木無限大記念日 (Live at 国立代々木競技場 第一体育館 2023.5.17)","2023-08-25","22","走れ! -ZZ ver.- (Live at 国立代々木競技場 第一体育館 2023.5.17)","291897","https://open.spotify.com/track/1oR2jf7xpKP67CFcPuSbAG"
"MCZ00063","代々木無限大記念日 (Live at 国立代々木競技場 第一体育館 2023.5.17)","2023-08-25","23","ヒカリミチ (Live at 国立代々木競技場 第一体育館 2023.5.17)","295694","https://open.spotify.com/track/7mKWxiojibuKABT8yA5XPs"
"MCZ00064","代々木無限大記念日 (Live at 国立代々木競技場 第一体育館 2023.5.17)","2023-08-25","24","いちごいちえ (Live at 国立代々木競技場 第一体育館 2023.5.17)","255205","https://open.spotify.com/track/0utr0rXsNyn600rPqCsQSK"
"MCZ00065","代々木無限大記念日 (Live at 国立代々木競技場 第一体育館 2023.5.17)","2023-08-25","25","あの空へ向かって (Live at 国立代々木競技場 第一体育館 2023.5.17)","309007","https://open.spotify.com/track/5P2ZyzhDPSpJYmVeWeXWDN"
"MCZ00413","僕等のセンチュリー","2012-12-24","1","僕等のセンチュリー","286840","https://open.spotify.com/track/4yoYHwxX7gu5bRYdxFh9kZ"
"MCZ00414","僕等のセンチュリー","2012-12-24","2","空のカーテン","363880","https://open.spotify.com/track/0wYzJis1KZux3WMn3Kj5aP"
"MCZ00430","労働讃歌","2011-11-23","1","労働讃歌","277533","https://open.spotify.com/track/1SRXDJBo16PCnBiFh1hPrW"
"MCZ00431","労働讃歌","2011-11-23","2","サンタさん","288226","https://open.spotify.com/track/6v2Es1LJ2Ncs1vbByWHxaL"
"MCZ00432","労働讃歌","2011-11-23","3","BIONIC CHERRY","244680","https://open.spotify.com/track/4fOD1i1o8GazByi38XR7gE"
"MCZ00324","吼えろ 2021","2021-07-02","1","吼えろ 2021","261932","https://open.spotify.com/track/5hSPcIoXyAMn8qkhxi0dI6"
"MCZ00379","夢の浮世に咲いてみな【KISS盤】","2015-01-28","1","夢の浮世に咲いてみな","280533","https://open.spotify.com/track/1vosrRK5XYM7WbYtcB2Rq4"
"MCZ00380","夢の浮世に咲いてみな【KISS盤】","2015-01-28","2","Rock and Roll All Nite","257933","https://open.spotify.com/track/209NHlMqfRIhHyjjwqJMwW"
"MCZ00381","夢の浮世に咲いてみな【KISS盤】","2015-01-28","3","SAMURAI SON","275520","https://open.spotify.com/track/5v1m8UxfpShueqo7mJw42h"
"MCZ00382","夢の浮世に咲いてみな【KISS盤】","2015-01-28","4","夢の浮世に咲いてみな(off vocal ver.)","279866","https://open.spotify.com/track/3fUTYGaclQNytIZdH4Vm90"
"MCZ00383","夢の浮世に咲いてみな【KISS盤】","2015-01-28","5","Rock and Roll All Nite(off vocal ver.)","257933","https://open.spotify.com/track/0sSGGequA4jDiPSJt87b5j"
"MCZ00384","夢の浮世に咲いてみな【KISS盤】","2015-01-28","6","SAMURAI SON(off vocal ver.)","274346","https://open.spotify.com/track/0iQHQNxufHSX7RzSJh9zy7"
"MCZ00375","夢の浮世に咲いてみな【ももクロ盤】","2015-01-28","1","夢の浮世に咲いてみな","280533","https://open.spotify.com/track/6T1zxOOOCCCgSqInLkUXyh"
"MCZ00376","夢の浮世に咲いてみな【ももクロ盤】","2015-01-28","2","Rock and Roll All Nite","258933","https://open.spotify.com/track/59RKyYCK8HZqMODm72x9Rn"
"MCZ00377","夢の浮世に咲いてみな【ももクロ盤】","2015-01-28","3","夢の浮世に咲いてみな(off vocal ver.)","279866","https://open.spotify.com/track/5F4c2AoqqgL1WehG2iylyz"
"MCZ00378","夢の浮世に咲いてみな【ももクロ盤】","2015-01-28","4","Rock and Roll All Nite(off vocal ver.)","257266","https://open.spotify.com/track/13HgbJ0CyauhsZwBoSRJBH"
"MCZ00343","天国のでたらめ","2018-10-12","1","天国のでたらめ","308025","https://open.spotify.com/track/2zesLdbGRGebqKfrWI3Ia1"
"MCZ00353","天国の名前/ヘンな期待しちゃ駄目だよ…?(ハート)","2017-12-13","1","天国の名前","289546","https://open.spotify.com/track/6ikyQmnZyDf1k5ZBDcAK1Q"
"MCZ00354","天国の名前/ヘンな期待しちゃ駄目だよ…?(ハート)","2017-12-13","2","ヘンな期待しちゃ駄目だよ…?","271653","https://open.spotify.com/track/7E3psSABpP1kx7OidzKrtg"
"MCZ00355","天国の名前/ヘンな期待しちゃ駄目だよ…?(ハート)","2017-12-13","3","トリック･オア･ドリーム","259919","https://open.spotify.com/track/2j4gWnp98FrU28v7CL14uV"
"MCZ00356","天国の名前/ヘンな期待しちゃ駄目だよ…?(ハート)","2017-12-13","4","天国の名前(off vocal ver.)","289533","https://open.spotify.com/track/75X8Yx9UfKbTyLOBAaaTy0"
"MCZ00357","天国の名前/ヘンな期待しちゃ駄目だよ…?(ハート)","2017-12-13","5","ヘンな期待しちゃ駄目だよ…?(off vocal ver.)","271653","https://open.spotify.com/track/0Ejl4rb3rI9FUjwhxFT9YL"
"MCZ00358","天国の名前/ヘンな期待しちゃ駄目だよ…?(ハート)","2017-12-13","6","トリック･オア･ドリーム(off vocal ver.)","259906","https://open.spotify.com/track/5aKFFUyP3o0e98LpNwMU6q"
"MCZ00130","月色Chainon (ももいろクローバーZ盤)","2021-01-13","1","月色Chainon ももいろクローバーZ ver.","264293","https://open.spotify.com/track/71X6px5dkT3YJced4x8OuG"
"MCZ00131","月色Chainon (ももいろクローバーZ盤)","2021-01-13","2","ムーンライト伝説 -ZZ ver.-","172186","https://open.spotify.com/track/1xfS9DHMjzhRpxXsSiIywG"
"MCZ00132","月色Chainon (ももいろクローバーZ盤)","2021-01-13","3","Moon Revenge -ZZ ver.-","265760","https://open.spotify.com/track/2RYuo3qxvyIqw6iLxPOcAi"
"MCZ00133","月色Chainon (ももいろクローバーZ盤)","2021-01-13","4","タキシード・ミラージュ -ZZ ver.-","215426","https://open.spotify.com/track/0FuM6dAmIKLszatRYG6TYf"
"MCZ00134","月色Chainon (ももいろクローバーZ盤)","2021-01-13","5","MOON PRIDE -ZZ ver.-","222520","https://open.spotify.com/track/6k8VdeKtTGut1VRfGIcADS"
"MCZ00135","月色Chainon (ももいろクローバーZ盤)","2021-01-13","6","月虹 -ZZ ver.-","262493","https://open.spotify.com/track/1FLNJ8LlF6I94CmTeQv1wu"
"MCZ00136","月色Chainon (ももいろクローバーZ盤)","2021-01-13","7","ニュームーンに恋して -ZZ ver.-","269760","https://open.spotify.com/track/3iscPyj0K2gwL0md7Ekolg"
"MCZ00137","月色Chainon (ももいろクローバーZ盤)","2021-01-13","8","月色Chainon (off vocal ver.)","261453","https://open.spotify.com/track/4gC2g644qnwcPhSVgihKB8"
"MCZ00177","桃も十、番茶も出花","2018-05-23","1","ももいろパンチ","263692","https://open.spotify.com/track/4QcD6KuxPYx30A4oEMVbiR"
"MCZ00188","桃も十、番茶も出花","2018-05-23","1","Neo STARGATE","498505","https://open.spotify.com/track/62I4VqOmr6Ub1tomOIulPh"
"MCZ00178","桃も十、番茶も出花","2018-05-23","2","未来へススメ!","246865","https://open.spotify.com/track/1wIn0p0fugcG7WOzO8BnjG"
"MCZ00189","桃も十、番茶も出花","2018-05-23","2","BIRTH 0 BIRTH","300959","https://open.spotify.com/track/6KGErCM3Mb19wBD8i6Tdjj"
"MCZ00179","桃も十、番茶も出花","2018-05-23","3","行くぜっ!怪盗少女","226945","https://open.spotify.com/track/5scvZE0g7YTc4DeQ0GI7bA"
"MCZ00190","桃も十、番茶も出花","2018-05-23","3","GOUNN","343719","https://open.spotify.com/track/5Dw0nWC8b8rRj987lIbBk4"
"MCZ00180","桃も十、番茶も出花","2018-05-23","4","ピンキージョーンズ","252065","https://open.spotify.com/track/5EQSsnEDS4FmMGAVqD3PL4"
"MCZ00191","桃も十、番茶も出花","2018-05-23","4","泣いてもいいんだよ","304985","https://open.spotify.com/track/3LL62eiq2mTs8arlGx96ed"
"MCZ00181","桃も十、番茶も出花","2018-05-23","5","ミライボウル","264959","https://open.spotify.com/track/1Uy23bjtXe0O8maEOIlhfS"
"MCZ00192","桃も十、番茶も出花","2018-05-23","5","MOON PRIDE","221479","https://open.spotify.com/track/3seqKGlE2t491MHIdjr1Ns"
"MCZ00182","桃も十、番茶も出花","2018-05-23","6","Z伝説 ～終わりなき革命～","306972","https://open.spotify.com/track/73rmzPM1ldBb6jXjOg23gE"
"MCZ00193","桃も十、番茶も出花","2018-05-23","6","夢の浮世に咲いてみな","278452","https://open.spotify.com/track/05ix3sdjJiQ6auVxPHONMY"
"MCZ00183","桃も十、番茶も出花","2018-05-23","7","D'の純情","254732","https://open.spotify.com/track/3YVHHGHWeGhuREjQQvwM3J"
"MCZ00194","桃も十、番茶も出花","2018-05-23","7","青春賦","314505","https://open.spotify.com/track/2btOJe4gk5QVdFsjEX0c72"
"MCZ00184","桃も十、番茶も出花","2018-05-23","8","労働讃歌","277412","https://open.spotify.com/track/3vcpKse0KJyShVrKzefv9z"
"MCZ00195","桃も十、番茶も出花","2018-05-23","8","『Z』の誓い","287812","https://open.spotify.com/track/0lA2BHJMxcc2s0xyha8UHz"
"MCZ00185","桃も十、番茶も出花","2018-05-23","9","猛烈宇宙交響曲・第七楽章「無限の愛」","311252","https://open.spotify.com/track/5gm1t6MOoxPuJF6lnTWXxt"
"MCZ00196","桃も十、番茶も出花","2018-05-23","9","WE ARE BORN","257785","https://open.spotify.com/track/7MvNuSOrg3UmQShYW1JCGr"
"MCZ00186","桃も十、番茶も出花","2018-05-23","10","Z女戦争","415305","https://open.spotify.com/track/1dJjAQcpKrFVSh0SlURh6X"
"MCZ00197","桃も十、番茶も出花","2018-05-23","10","マホロバケーション","266732","https://open.spotify.com/track/4zJCtgqm94iKsmUUm98TKD"
"MCZ00187","桃も十、番茶も出花","2018-05-23","11","サラバ、愛しき悲しみたちよ","298452","https://open.spotify.com/track/33xBMiZ0lzXzuvWvab1w7i"
"MCZ00198","桃も十、番茶も出花","2018-05-23","11","ザ・ゴールデン・ヒストリー","300119","https://open.spotify.com/track/5nssDRK5Yq4VwRQOsT0J8F"
"MCZ00199","桃も十、番茶も出花","2018-05-23","12","BLAST!","334039","https://open.spotify.com/track/6KlaXtTvKOEfQw0IVFjhxJ"
"MCZ00200","桃も十、番茶も出花","2018-05-23","13","笑一笑 ～シャオイーシャオ!～","280012","https://open.spotify.com/track/1ooWLw302ogeLhAssaDbtr"
"MCZ00201","桃も十、番茶も出花","2018-05-23","14","クローバーとダイヤモンド","299105","https://open.spotify.com/track/5j6xRq3ow8F5FydSQ3xeE0"
"MCZ00403","泣いちゃいそう冬/鋼の意志","2013-12-23","1","泣いちゃいそう冬","262453","https://open.spotify.com/track/4QFeDr6GimCR4q0rdDinXJ"
"MCZ00404","泣いちゃいそう冬/鋼の意志","2013-12-23","2","鋼の意志","339293","https://open.spotify.com/track/7puiW4CC5XyUvor2sKKdZR"
"MCZ00405","泣いちゃいそう冬/鋼の意志","2013-12-23","3","泣いちゃいそう冬 (off vocal ver.)","261800","https://open.spotify.com/track/2LbG0WnuzZ8dCySx3K8c9Z"
"MCZ00406","泣いちゃいそう冬/鋼の意志","2013-12-23","4","鋼の意志 (off vocal ver.)","341226","https://open.spotify.com/track/0MbW8lfwlC7AlTr42cS9Pr"
"MCZ00397","泣いてもいいんだよ","2014-05-08","1","泣いてもいいんだよ","304773","https://open.spotify.com/track/7qyGjLDvaELcJIml3H1tTF"
"MCZ00398","泣いてもいいんだよ","2014-05-08","2","堂々平和宣言","219386","https://open.spotify.com/track/2t1l9LF3i8zdjcO06P2uZT"
"MCZ00399","泣いてもいいんだよ","2014-05-08","3","My Dear Fellow","248413","https://open.spotify.com/track/6fg9i7dhcOWR1uIugoeF2u"
"MCZ00400","泣いてもいいんだよ","2014-05-08","4","泣いてもいいんだよ(off vocal ver.)","304093","https://open.spotify.com/track/40CP1oIfMill6m8wsUn5ba"
"MCZ00401","泣いてもいいんだよ","2014-05-08","5","堂々平和宣言(off vocal ver.)","219386","https://open.spotify.com/track/2SodHDFiSKqBDYHVM1eKiT"
"MCZ00402","泣いてもいいんだよ","2014-05-08","6","My Dear Fellow(off vocal ver.)","250333","https://open.spotify.com/track/4o8MpPfftQiRIQf9ZNOPGV"
"MCZ00425","猛烈宇宙交響曲･第七楽章｢無限の愛｣","2012-03-07","1","猛烈宇宙交響曲･第七楽章｢無限の愛｣","311533","https://open.spotify.com/track/5ipdKJKoH1OFZysw3sy6hE"
"MCZ00426","猛烈宇宙交響曲･第七楽章｢無限の愛｣","2012-03-07","2","LOST CHILD","300026","https://open.spotify.com/track/7ann4JzJ3nsJ8CwircY27j"
"MCZ00427","猛烈宇宙交響曲･第七楽章｢無限の愛｣","2012-03-07","3","DNA狂詩曲","255893","https://open.spotify.com/track/288zIGOjYWSOKYxELF5VCY"
"MCZ00120","田中将大","2021-02-24","1","overture ～ももいろクローバーZ参上!!～","96185","https://open.spotify.com/track/0GVIXOnvGKXkVqDuoDNuVj"
"MCZ00121","田中将大","2021-02-24","2","走れ! -ZZ ver.-","282239","https://open.spotify.com/track/0TT5msJUaOP3UWovCuQdWi"
"MCZ00122","田中将大","2021-02-24","3","DNA狂詩曲 -ZZ ver.-","260945","https://open.spotify.com/track/3xWQCoXl1lBSGkLp7znzjc"
"MCZ00123","田中将大","2021-02-24","4","My Dear Fellow -ZZ ver.-","248639","https://open.spotify.com/track/4TDTJ2p37Vb4BcunybI5Ro"
"MCZ00124","田中将大","2021-02-24","5","勝手に君に -ZZ ver.-","282225","https://open.spotify.com/track/1tKMVDwT8pN2xGRrWTF2PK"
"MCZ00125","田中将大","2021-02-24","6","GET Z, GO!!!! -ZZ ver.-","274132","https://open.spotify.com/track/1wDhIzepS66uf76RjXkYoP"
"MCZ00126","田中将大","2021-02-24","7","何時だって挑戦者 -ZZ ver.-","275919","https://open.spotify.com/track/1bgwaQXRz9Pn4bKLCYlUlU"
"MCZ00127","田中将大","2021-02-24","8","吼えろ","261745","https://open.spotify.com/track/2EFkCxJUxbsrozBHMP0HrM"
"MCZ00128","田中将大","2021-02-24","9","背番号","208252","https://open.spotify.com/track/04uQ4l2Id8MFNpI7b6keWM"
"MCZ00129","田中将大","2021-02-24","10","On Your Mark/ももいろクローバーZ with ファンキー加藤","244572","https://open.spotify.com/track/0Z3wKCw4X8WyT8mYkdu3K9"
"MCZ00428","白い風","2011-12-25","1","白い風","253160","https://open.spotify.com/track/70zBQkM8iOWeExDVal5kxZ"
"MCZ00429","白い風","2011-12-25","2","We are UFI!!!","301813","https://open.spotify.com/track/6uClv76EVgsgjou2Y31L3Z"
"MCZ00230","白金の夜明け","2016-02-17","1","個のA、始まりのZ -prologue-","152173","https://open.spotify.com/track/0agC9bw67YM7x33iwo1JmI"
"MCZ00231","白金の夜明け","2016-02-17","2","桃源郷","282306","https://open.spotify.com/track/0OWNQDImjpHg5QFJmsrhkG"
"MCZ00232","白金の夜明け","2016-02-17","3","白金の夜明け","368306","https://open.spotify.com/track/3uioAkJsa1aSRl1pgCPe72"
"MCZ00233","白金の夜明け","2016-02-17","4","マホロバケーション","269506","https://open.spotify.com/track/56WU7iqUYfl1on4QWuciHp"
"MCZ00234","白金の夜明け","2016-02-17","5","夢の浮世に咲いてみな","280746","https://open.spotify.com/track/6Uu1JmsdNP1KS2dQkvVygQ"
"MCZ00235","白金の夜明け","2016-02-17","6","ROCK THE BOAT","185586","https://open.spotify.com/track/5iRdeanS1OMzpoYhSqL5de"
"MCZ00236","白金の夜明け","2016-02-17","7","希望の向こうへ","316866","https://open.spotify.com/track/4hBcQGsc2eLTRYKuC0YzyI"
"MCZ00237","白金の夜明け","2016-02-17","8","カントリーローズ -時の旅人-","329440","https://open.spotify.com/track/2MNtEUu93SOJdXAdO46hID"
"MCZ00238","白金の夜明け","2016-02-17","9","イマジネーション","280333","https://open.spotify.com/track/19aa9qVJValQqhyHPBGFhC"
"MCZ00239","白金の夜明け","2016-02-17","10","MOON PRIDE","222360","https://open.spotify.com/track/6XprapJCbrNFXtysmWjJt8"
"MCZ00240","白金の夜明け","2016-02-17","11","『Z』の誓い","289613","https://open.spotify.com/track/4wLpua1eURyDMyvS4jWsPt"
"MCZ00241","白金の夜明け","2016-02-17","12","愛を継ぐもの","246400","https://open.spotify.com/track/0WulB5zZhDs1ccEUpHUXhw"
"MCZ00242","白金の夜明け","2016-02-17","13","もっ黒ニナル果て","246066","https://open.spotify.com/track/3eLNbSJWAbt5OShHmjCQ4l"
"MCZ00243","白金の夜明け","2016-02-17","14","桃色空","338360","https://open.spotify.com/track/3PlPJ4oZoOEBqxmgP0KHJV"
"MCZ00093","祝典","2022-05-17","1","Opening Ceremony -阿-","106253","https://open.spotify.com/track/4tkglaadH2RtJc12pclhqe"
"MCZ00094","祝典","2022-05-17","2","PLAY!","223093","https://open.spotify.com/track/5ePFTT8NgT8nPyTzZ9wRn9"
"MCZ00095","祝典","2022-05-17","3","ダンシングタンク♡","199093","https://open.spotify.com/track/5NCCWRZSPMFKiyaSRTTj1Q"
"MCZ00096","祝典","2022-05-17","4","MYSTERION","241280","https://open.spotify.com/track/5rIPB3cpy9uHPr8IOEFY8G"
"MCZ00097","祝典","2022-05-17","5","満漢全席","225866","https://open.spotify.com/track/0PfROaU8vMF5pYZdp4bPaF"
"MCZ00098","祝典","2022-05-17","6","BUTTOBI!","244800","https://open.spotify.com/track/3SY82cABpWYpq0dF2yqr2D"
"MCZ00099","祝典","2022-05-17","7","ショービズ","236053","https://open.spotify.com/track/68XciEBBih6OPPD9KkuQHx"
"MCZ00100","祝典","2022-05-17","8","HAND","217240","https://open.spotify.com/track/4XbhUsgR0mZPi1d29kRyot"
"MCZ00101","祝典","2022-05-17","9","Intermission -闍-","67000","https://open.spotify.com/track/38BHnSnaLlMKlJRIs9P4C0"
"MCZ00102","祝典","2022-05-17","10","momo","283133","https://open.spotify.com/track/4i8QsrhWLgqGdFQHXO1Pk5"
"MCZ00103","祝典","2022-05-17","11","なんとなく最低な日々","254493","https://open.spotify.com/track/5yvPNQ5yrBqbyBxQSgeWSu"
"MCZ00104","祝典","2022-05-17","12","stay gold","216466","https://open.spotify.com/track/1ilI9Pos1yMJuMjWRoFSkv"
"MCZ00105","祝典","2022-05-17","13","月色Chainon ももいろクローバーZ ver.","261133","https://open.spotify.com/track/0ClJQzUUV1b0UZzLf6iYCI"
"MCZ00106","祝典","2022-05-17","14","孤独の中で鳴るBeatっ！","277493","https://open.spotify.com/track/5x4ZnYYupATEZ6UfjiP2dh"
"MCZ00107","祝典","2022-05-17","15","手紙","323240","https://open.spotify.com/track/5THuVqlOZsE1UgUj8RH8zI"
"MCZ00108","祝典","2022-05-17","16","また逢う日まで","178973","https://open.spotify.com/track/097jGKoVnzblIYV39qGxp2"
"MCZ00109","祝典","2022-05-17","17","Closing Session -梨-","77786","https://open.spotify.com/track/2VRZ093wEUENgHrbbQH330"
"MCZ00352","笑一笑 ～シャオイーシャオ!～","2018-04-11","1","笑一笑　～シャオイーシャオ！～","279773","https://open.spotify.com/track/5MxjNwjjBW9PtYreT0bV2B"
"MCZ00346","笑一笑 ～シャオイーシャオ!～ (しんちゃん盤)","2018-04-11","1","笑一笑 ～シャオイーシャオ!～","279773","https://open.spotify.com/track/3kfZzSyczOmGAaMBFfhfrT"
"MCZ00347","笑一笑 ～シャオイーシャオ!～ (しんちゃん盤)","2018-04-11","2","チントンシャン!","266706","https://open.spotify.com/track/3HX5Y3EzSZdEr5Z5uLQcIN"
"MCZ00348","笑一笑 ～シャオイーシャオ!～ (しんちゃん盤)","2018-04-11","3","パカッポでGO!","265759","https://open.spotify.com/track/1eAdE5FSctqndRuQDiqo6q"
"MCZ00349","笑一笑 ～シャオイーシャオ!～ (しんちゃん盤)","2018-04-11","4","笑一笑 ～シャオイーシャオ!～ - off vocal ver.","279773","https://open.spotify.com/track/24nuXr2DsBQeUpxGrhnUac"
"MCZ00350","笑一笑 ～シャオイーシャオ!～ (しんちゃん盤)","2018-04-11","5","チントンシャン! - off vocal ver.","266706","https://open.spotify.com/track/3C9gaYvWgPoa8bTgKGhxzS"
"MCZ00351","笑一笑 ～シャオイーシャオ!～ (しんちゃん盤)","2018-04-11","6","パカッポでGO! - off vocal ver.","260906","https://open.spotify.com/track/23Cqi2OJhnsjhpzwjcyH8W"
"MCZ00439","行くぜっ! 怪盗少女 / 走れ! (2025 REMIX)","2010-05-05","1","行くぜっ! 怪盗少女 - 2025 REMIX","227000","https://open.spotify.com/track/6cm22Yo38X6cGmDOO6Wf5v"
"MCZ00440","行くぜっ! 怪盗少女 / 走れ! (2025 REMIX)","2010-05-05","2","走れ! - 2025 REMIX","275000","https://open.spotify.com/track/3ZBeE72Ks7dyLbWIi3lXu7"
"MCZ00441","行くぜっ！怪盗少女","2010-01-01","1","行くぜっ!怪盗少女","226133","https://open.spotify.com/track/7H6LXMHH7EFesfQxeBHafZ"
"MCZ00442","行くぜっ！怪盗少女","2010-01-01","2","走れ!","273373","https://open.spotify.com/track/45R1m5osIXo92tgY1eHTeW"
"MCZ00443","行くぜっ！怪盗少女","2010-01-01","3","行くぜっ!怪盗少女 - Off Vocal ver.","225600","https://open.spotify.com/track/1gpvuvoqjsbgCwIxsWMhp6"
"MCZ00444","行くぜっ！怪盗少女","2010-01-01","4","走れ! - Off Vocal ver.","273666","https://open.spotify.com/track/15auEvPTS5QaDdJFV3q5gp"
"MCZ00309","誓い未来","2023-10-27","1","誓い未来","272492","https://open.spotify.com/track/0aCWdEBTBmhMlfk5JSCvjw"
"MCZ00258","青春賦","2015-03-11","1","青春賦","316986","https://open.spotify.com/track/76znv8pdBAELA8AVtsMd8b"
"MCZ00259","青春賦","2015-03-11","2","走れ! -Zver.-","285786","https://open.spotify.com/track/40F5SISB02soqzmvCbMaCM"
"MCZ00260","青春賦","2015-03-11","3","行く春来る春","301293","https://open.spotify.com/track/0RxnNvxgw7lk6XV7RHynBI"
"MCZ00261","青春賦","2015-03-11","4","Link Link","314280","https://open.spotify.com/track/09CPXCb0dV8w8R2UPJAWRz"
"MCZ00262","青春賦","2015-03-11","5","青春賦(off vocal ver.)","316333","https://open.spotify.com/track/6oUd3ckz5YPtmPAvZLyYP7"
"MCZ00263","青春賦","2015-03-11","6","走れ! -Zver.-(off vocal ver.)","285786","https://open.spotify.com/track/5NwF1tPHUDigk5CDKrbMW8"
"MCZ00264","青春賦","2015-03-11","7","行く春来る春(off vocal ver.)","301293","https://open.spotify.com/track/2HrIBu0BRdOuVci1OPK6lt"
"MCZ00265","青春賦","2015-03-11","8","Link Link(off vocal ver.)","312120","https://open.spotify.com/track/6E43MGJpEuayE33FQIEzS4"
